First Name,Middle Name,Last Name,Sex,Date of Birth,Married,Children,Address,Employment,Disability
Colleen,Colleen,Will,Female,1982-01-02,False,3,"26832 Karlie Mall West Anjalifort 22274-8906","Carroll, Shanahan and Deckow",False
Robert,Robert,Johnson,Male,1976-12-08,True,1,"345 Shanahan Track New Devinburgh 44167","Heidenreich and Sons",True
Ricardo,Ricardo,Smith,Male,1960-10-31,True,0,"7570 Emmerich Point New Alex 16226-2813","Torp Inc",False
Craig,Craig,Gislason,Male,1959-11-09,True,4,"1321 Toy Key Fernandoberg 95540-4049","Mohr, Feest and Hudson",False
Sheri,Sheri,Emard,Female,1973-09-05,True,5,"55127 Smith Dam Lueilwitzland 47909","McKenzie - Ruecker",False
Heather,Heather,Hagenes,Female,1989-01-18,False,5,"92434 Zemlak Spurs Baileyport 26805","Sipes, Wisoky and Schneider",False
Alice,Alice,Skiles,Female,1966-11-21,False,5,"8442 Rutherford Stravenue North Jenaview 46178","Fadel and Sons",False
Reginald,Reginald,Stracke,Male,1971-01-08,False,1,"2752 Turner Ville West Ramonfort 93003-3361","Johnson and Sons",True
Pat,Pat,Boyer,Male,1991-01-29,False,0,"360 Tara Crossroad Beverlymouth 27491","Adams - Cruickshank",False
Brenda,Brenda,Flatley,Female,1995-06-04,True,2,"5914 Sawayn Drives Parisianburgh 57468-7181","Lowe - Schowalter",False
Mabel,Mabel,Pacocha,Female,1992-05-08,True,3,"8984 Kessler Common Walkerburgh 19994-9628","Daniel, Schuster and Lang",False
Raul,Raul,Volkman,Male,1998-08-18,False,0,"8456 Lizeth Orchard Lake Elisemouth 69946","Schneider, Erdman and Bruen",True
Jimmie,Jimmie,Bogisich,Male,1989-10-09,False,4,"5842 Savanah Walks Lake Lucindahaven 63741","Welch LLC",True
Chad,Chad,Will,Male,1971-11-04,False,1,"48765 Russel Tunnel Carterside 83380-8227","Walsh and Sons",False
Valerie,Valerie,Smitham,Female,1980-03-25,False,2,"924 Helga Parkway Ritchieside 58363-5845","Lakin and Sons",True
Gail,Gail,Larson,Female,1993-02-11,True,2,"9064 Nolan Prairie Kassulkefort 59224","Breitenberg Group",True
Shirley,Shirley,Pacocha,Female,2001-01-21,False,1,"98728 Hermiston Shores Jovannyfort 07607","Konopelski - Borer",True
Kathryn,Kathryn,Leuschke,Female,1997-02-25,False,1,"17000 Armstrong Estate Champlinside 65683","Ledner, Robel and Schaefer",False
Stephanie,Stephanie,Jenkins,Female,1959-10-03,False,5,"098 McDermott Estates Myrnaside 72564-6361","Marvin - Grant",False
Dwight,Dwight,Auer,Male,1990-10-30,False,5,"3062 Beatty Lane Murazikberg 06079","Aufderhar Inc",True
Kristen,Kristen,Kuhlman,Female,1975-04-28,True,1,"5260 William Shoal New Dwightland 64943","Jacobson, Raynor and Beer",False
Abraham,Abraham,Mertz,Male,1983-11-14,True,0,"675 Diego Mews Ewaldville 26732","Tromp - Beer",False
Saul,Saul,Herman,Male,1991-03-09,False,1,"82509 Stokes Trace New Ernaview 14230","Gleichner - Brakus",True
Craig,Craig,Kuphal,Male,1956-02-11,False,5,"28035 Mario Port Ziemeshire 89566","King LLC",False
Lynn,Lynn,Schoen,Male,1969-09-18,False,1,"6440 Kaylin Alley North Candidashire 73398","Kuvalis Inc",True
Marilyn,Marilyn,Walker,Female,1976-11-29,True,4,"5889 Jayce Harbors Bessieborough 11435","Gutkowski Group",False
Olivia,Olivia,Aufderhar,Female,1961-03-25,True,2,"380 Chris Tunnel Marcelinoburgh 06694-1024","Morissette, Boyle and Gaylord",False
Ebony,Ebony,Swaniawski,Female,1997-02-15,False,2,"2777 Bayer Harbors Pansymouth 44027-9018","Gutmann, Hansen and Hirthe",True
Sharon,Sharon,McGlynn,Female,1993-10-29,False,2,"1373 Doyle Route Zoramouth 80472-1924","Ritchie, Fay and MacGyver",True
Phil,Phil,Windler,Male,1993-12-27,False,2,"38033 Phyllis Heights Sengermouth 15710","Sipes and Sons",False
Betsy,Betsy,Vandervort,Female,1983-04-25,True,3,"72790 Ova Dale Lake Caylastad 91099","Lang - Auer",True
Blanche,Blanche,Schmeler,Female,1964-07-29,False,0,"648 Reinger Extensions West Mortonport 33161-5472","Fahey, Daugherty and Borer",False
Woodrow,Woodrow,Wuckert,Male,1973-10-04,True,0,"89975 King Terrace Rosettashire 90993","Welch LLC",False
Roberto,Roberto,Rohan,Male,1989-12-07,False,1,"47239 Koelpin Islands New Shaynastad 90178-9274","Pfannerstill, Hyatt and Lynch",False
Lucille,Lucille,Schamberger,Female,1980-07-20,True,1,"549 Senger Courts Port Monamouth 14319","Bayer, Bosco and Stroman",False
Marcia,Marcia,Conroy,Female,1972-08-05,True,3,"13774 Monty Squares Vincenttown 30009","Ebert - Metz",False
Janis,Janis,Gorczany,Female,1997-12-19,True,3,"397 Shaylee Lodge Leannemouth 30972-1044","Von and Sons",False
Sylvester,Sylvester,Gutkowski,Male,1959-07-23,False,2,"6793 Koelpin Tunnel Alysonmouth 30797-1769","Ritchie, Wolff and Ratke",False
Isabel,Isabel,Kulas,Female,1990-09-23,False,2,"54250 Ruby Ways Millsberg 24736","Parisian Group",True
Ted,Ted,Zulauf,Male,1961-08-13,True,2,"00803 Julian Mews North Dock 54184","O'Kon LLC",False
Robyn,Robyn,O'Hara,Female,1962-11-13,True,2,"9336 Dickinson Lakes Kutchborough 66286-8197","Bergstrom, Pagac and Thiel",True
Leslie,Leslie,Lowe,Male,1968-11-18,False,3,"45877 Durgan Well Genovevaville 30152-4266","Morissette, Herman and Jacobs",False
Yolanda,Yolanda,Hilll,Female,1955-12-26,False,1,"85173 Ursula Underpass Satterfieldshire 47076-5312","Padberg, Bartoletti and Dietrich",True
Sheldon,Sheldon,Cartwright,Male,1954-03-27,False,2,"758 Kelvin Station South Pierce 37351","Heathcote Group",False
Annie,Annie,Weber,Female,1969-12-29,False,0,"155 Lenny Grove Elvastad 12097","Mills and Sons",False
Ida,Ida,Terry,Female,1975-07-29,True,5,"3916 Koepp Streets New Naomieberg 97881-7350","Wolf, Boyle and Ernser",False
Pat,Pat,Konopelski,Female,1966-02-15,True,0,"5414 Turcotte Bridge Darronborough 61507","Jast, Waters and Heathcote",True
Leah,Leah,Ritchie,Female,1971-06-20,False,4,"2171 Reinger Parkways Joefort 82696-6714","Bruen, Weber and Frami",False
Maureen,Maureen,Beahan,Female,1991-04-11,False,2,"2956 Alice Port Ahmadberg 06113-0508","Bernhard - O'Hara",False
Jesus,Jesus,Swaniawski,Male,1956-12-23,True,0,"0090 Hilda Path Elbertmouth 34976","Windler - Morar",True
